1,0,9,4,7,8,4,2,5
제나벨 PDRN 리쥬비네이팅 자생크림 70ml 피부진정 영양 보습 탄력관리 피부과입점 상품, 1개,2023.11.10,판매자: 주식회사 제나랩(Genalab lnc.),12
청년리빙 무소음 벽시계, 화이트,2023.11.10,판매자: 쿠팡(주),15
올마이웨이 토삭스 필라테스 양말 여자 발가락 요가양말 3종세트, 멀티컬러3,2023.11.09,판매자: (주)릴리프,11
로레알파리 헤어오일 엑스트라 리치 브라운, 1개, 100ml,2023.11.08,판매자: 쿠팡(주),17
로레알파리 토탈리페어5 트리트먼트 헤어팩, 400ml, 1개,2023.11.08,판매자: 쿠팡(주),19
오뚜기 짜슐랭, 15개,2023.11.08,판매자: 쿠팡(주),8
Apple 2023 에어팟 프로 2세대 USB-C 블루투스 이어폰, 화이트, MTJV3KH/A,2023.11.08,판매자: 쿠팡(주),10
신지모루 변색방지 에어팟 TPU 케이스 + 철가루 방지 스티커 + 카라비너 세트, 투명(케이스), 에어팟 프로2,2023.11.06,판매자: 쿠팡(주),12
요플레 바이오플레 플레인, 130ml, 8개입,2023.11.06,판매자: 쿠팡(주),13
곰곰 감자 수제비, 300g, 1개,2023.11.06,판매자: 쿠팡(주),8
곰곰 국내산 깐쪽파, 200g, 1개,2023.11.06,판매자: 쿠팡(주),8
곰곰 하루1팩 국산콩 연두부+오리엔탈소스, 134g, 6개입,2023.11.06,판매자: 쿠팡(주),8
루비아르 대형 가죽 데스크매트, M(60 x 30 cm), 화이트, 1개,2023.11.05,판매자: 쿠팡(주),16
GAP 샤인머스캣, 500g, 2팩,2023.11.05,판매자: 쿠팡(주),14
티젠 파인애플 콤부차, 5g, 30개입, 1개,2023.11.05,판매자: 쿠팡(주),10
야미야미 반려동물 간식 순닭가슴살 오리지날, 닭가슴살, 100개,2023.11.04,판매자: 주식회사 온힐 (Onheal Co. Ltd.),13
트레벨 스테이 진열장 코너 수납 선반, 화이트, 790 x 390 x 390 mm, 3단,2023.11.01,판매자: 쿠팡(주),30
Doctor's Best 비타민 C 1000mg 베지캡, 120정, 1개,2023.10.30,판매자: 쿠팡(주),8
곰곰 엄마의 정성 김밥햄, 130g, 2개,2023.10.30,판매자: 쿠팡(주),8
동원 엄선 랍스틱, 140g, 2개,2023.10.30,판매자: 쿠팡(주),12
국내산 양파, 1.2kg, 1개,2023.10.30,판매자: 쿠팡(주),11
곰곰 김밥단무지, 400g, 1개,2023.10.30,판매자: 쿠팡(주),10
취청오이, 3개입, 1개,2023.10.30,판매자: 쿠팡(주),11
탐사 전선정리 투명 클립, 32p,2023.10.29,판매자: 쿠팡(주),12
탐사 전연령용 고양이 사료, 5kg, 1개, 닭,2023.10.28,판매자: 쿠팡(주),25
매일우유 소화가 잘되는 우유, 930ml, 2개,2023.10.28,판매자: 쿠팡(주),13
무항생제 신선한 대란, 30구, 1개,2023.10.28,판매자: 쿠팡(주),11
잘풀리는집 리얼 실키 천연펄프 미용티슈 200매, 200매입, 3개,2023.10.26,판매자: 쿠팡(주),9
홀리데이즈 프리미엄 콜라겐, 2개, 60g,2023.10.25,판매자: 쿠팡(주),6
케이블 젠더 OKWT481 스마트폰 MHL 케이블 1.8M. MHL 지원 TV용 마이크로 5핀Micro5Pin HDMI,2023.10.24,판매자: 위즈컬렉션(Wis Collection),10
시크릿데이 러브 울트라 오버나이트 날개형, 10개입, 3팩,2023.10.23,판매자: 쿠팡(주),4
리빙토픽 튤립 휴대폰 그립톡, 블루일러스트, 1개,2023.10.22,판매자: 쿠팡(주),14
TCUBE 여행용 안전자물쇠 4다이얼 실버, 1개,2023.10.21,판매자: 쿠팡(주),21
힐링타임 띵가띵가 스크래쳐 리필용 빅, 1개,2023.10.19,판매자: 쿠팡(주),9
만렙 3in1 애플워치 무선 충전 거치대, 화이트, 1개,2023.10.18,판매자: 쿠팡(주),8
딩동펫 반려동물 고양이 미로 장난감 기본형, 혼합색상, 1개,2023.10.17,판매자: 쿠팡(주),2
뷰레이터닷컴 곰돌이 텀블러 가방, 옐로우, 1개,2023.10.17,판매자: 쿠팡(주),9
더스트몬 고양이 카사바 플러스 더블 소프트 모래, 3개, 5L,2023.09.19,판매자: 쿠팡(주),11
벤디스 오리발 숏핀 W312, 블루, M,2023.09.17,판매자: 쿠팡(주),8
일양약품 프라임 종합비타민미네랄 플러스 영양제, 180정, 1개,2023.09.17,판매자: 쿠팡(주),8
티젠 파인애플 콤부차, 5g, 30개입, 2개,2023.09.17,판매자: 쿠팡(주),18
더샘 커버 퍼펙션 팁 컨실러 6.5g, 라이트 베이지, 1개,2023.09.17,판매자: 쿠팡(주),15
일리윤 세라마이드 아토 6.0 탑투토워시, 500ml, 1개,2023.09.17,판매자: 쿠팡(주),6
듀이트리 AC 컨트롤 딥 그린 카밍 트러블 폼 클렌저, 150ml, 1개,2023.09.17,판매자: 쿠팡(주),6
려 청아 딥클렌징 쿨링 샴푸, 1개, 550ml,2023.09.17,판매자: 쿠팡(주),6
탐사 고양이 간식 순살 닭가슴살 20g, 50개,2023.08.08,판매자: 쿠팡(주),4
95프로블럼 발란스핏 압박 베이지, M, 1개,2023.08.06,판매자: 쿠팡(주),5
에이드엘 헥사곤 실리콘 테이블매트, 베이지, 395 x 343 mm,2023.08.06,판매자: 쿠팡(주),15
힐링타임 띵가띵가 스크래쳐 리필용 빅, 1개,2023.07.30,판매자: 쿠팡(주),4
차즈마켓 고양이 베이직 빅웨이브 평판형 스크래쳐, 화이트, 1개,2023.07.30,판매자: 쿠팡(주),14
에버크린 ESUN 고양이모래 무향, 11.3kg, 1개,2023.07.30,판매자: 쿠팡(주),10
메가그립 폴리 도트 양손 코팅 장갑 S, 회색, 10세트,2023.07.26,판매자: 쿠팡(주),14
야미야미 반려동물 간식 순닭가슴살 오리지날, 닭가슴살, 100개,2023.07.25,판매자: 주식회사 온힐 (Onheal Co. Ltd.),20
양반 현미밥, 130g, 24개,2023.07.14,판매자: 쿠팡(주),8
크리스탈라이트 온더고 피치망고 그린티 분말, 2.32g, 10개입, 3개,2023.07.05,판매자: 쿠팡(주),7
두잇 올데이보드 고양이 스크래쳐, 화이트, 1개,2023.06.27,판매자: 쿠팡(주),9
아메리칸솔루션 라이트 로키플러스 고양이 모래, 6kg, 3개, 무향,2023.06.20,판매자: 쿠팡(주),4
아메리칸솔루션 카사벤토 고양이모래, 5.9kg, 2개, 무향,2023.06.20,판매자: 쿠팡(주),2
허글 에프디바이츠 동결건조간식, 닭고기, 240g, 1개,2023.06.20,판매자: 쿠팡(주),5
힐링타임 띵가띵가 스크래쳐 리필용 빅, 1개,2023.06.20,판매자: 쿠팡(주),11